,tweets_en
0,"For @sosagraphs so simple because at the time I started to do and what makes me more commissions, other styles have more crack"
1,1477. No but because there just confi
2,It've seen the aunt drinking his rule and hs given me muchs Grima
3,"@Baronachor The concept is most bonico, but that there is a stretch to be"
4,"Obviously the questions have to go in the e-mail, not on top of the video or anything, but I can not use it"
5,"As always my omelet triumphs over other dishes
# Https://t.co/C60TC2teqV beach ..."
6,I know I'm the worst but jo
7,@Diego_FDM @el_pais The perfect news for #NotasDelMisterio
8,@SumiEsB I also saw the movie and cried what is not written Now I'm reading the book and I'm taking stunning laughs!
9,I dreamed a very rare thing with characters from PLL and then as it was in real life and KNEW Shay and Lucy and and and
10,@CesarCpi @ Bl3sSuR @RetroTrainer Find Me a Zapdos of those laws that both you like wapo
11,"Well @ AgnesFL1984 had to be put to the use pq pajamas while long dresses.
I have considerable ronchon"
12,@hackandbeers Very good friends! How can we contact you?
13,@lapollacaliente two more hours! Although I got up destemplado
14,Karlita only understands me and gives me good advice
15,"Today microaventura in #kayak with two experts kayakers
Villaviciosa estuary. @ El Puntal ... https://t.co/y7j88bRmYK"
16,Who called me ugly
17,And @BenielAnaisabel with beautiful views ... Enjoy the evening as it deserves
18,@Slow_Dancer_ totally poor Gappy ... he is innocent do not know who has been found.
19,They are all very sad today not
20,". @ Donecperficiam6 Did I say Silicon Sleeve, calling Domingo? That's good @RLEGAZ @UrsulaBayer @gabrielrufian"
21,"@MrMedra oh, damn, it turns out that is completely vegan. Well, I do not buy it."
22,@ElSpeaker Life takes us through inextricable ways lol I'm glad you have molado today's program
23,@ Mamiauryner1 especially hope to have it with my hahahaha child. thanks beautiful ‚ô•
24,Everything is going from bad to worse
25,"Few better ways I can think to start one week ...
https://t.co/P5wOXm5ffl"
26,"6 times when contact lenses used is simply better Happy Monday!
https://t.co/x06G1nkaH1 #optometria #lentesdecontacto"
27,I am a very wicked boy
28,@escolano is a shame because it has very good design ideas and not pass the Java render cool ... but MicroSoft and things
29,I want to eat a super peaso of blind flipasss but the thing is nobody who wants to drink pq
30,"@lonchbox aaahm good, enjoy life for those dollars, I go to Russia soon"
31,@seelphy great !! It will be the last stop before the theatrical release
32,@Polifack me is that scared me very easy with the paranormal roll
33,@bekiaes is also the birthday of the beautiful actress @luudelafuente !!
34,I'll be hoarse guttural do so much with fever
35,Today is the birthday of the coolest La Hoya Thanked all the bonica and Pestle @IrlesEva!
36,"I said Aunt and how quickly would reach Carrefour de hortaleza
And and as little alive in the Plaza de Chueca"
37,"Three years following you and not a mention, which I love @AlvaroAuryn #askalvarogango"
38,@batyol @valenciaplaza Thanks for following. Every week I write in @culturplaza every Wednesday for more signs.
39,You @LGuillermodePab have to be optimistic
40,"@DieRaposa @DrXaverius and other biologists feel as he pleased.

So much!"
41,why do you say that? I'm otaku and I speak almost aniJAJAJAJA was kidding sis
42,. @ Soyalt_es be alert to future developments. The end of the summer will not be the same without you!
43,@Alex_Yazawa seems to me but hopefully entertaining oudiese access English communities
44,@ Mafolu2 not believe. But I like to have people fooled @GranCTimes
45,Today I have brought my bitch after six days without her and is nervous to and thinner
46,Someday cease to see Rem in my TL and Subaru will not remember what it was subnormal not choose it.
47,"Lately, me following girls are pretty racy profiles on Instagram. For when a decent guy?"
48,I would have liked to do some of the Targaryen but as whereabouts unknown pueh are no good pictures of them and
49,@cobos_rebeca you for responding! I hope that you come out new projects !! Little kisses!!
50,"@albeferrando @DGTes Hello Alberto. I have the same problem, I lost a few hours What you got? #dgtes"
51,@JuapochoHH sorry not sorry pd were in medieval?
52,"Paul continues his thread, essential.

Then we crowfunding among all to make it a ""Medium"" https://t.co/pGJQvxKY6r"
53,"@senior_Esfera going, they are quiet, they never manage to refute anything"
54,"@ShawnUpdatesSA this is not, you have to give US Store, only sold in US and Canada by now clear."
55,@olivares_javier they try to save Lincoln and Julian Lorca ... Besides is a blatant copy of MdT not look anything
56,I still do not @GamerXtraX not some legendary even
57,@teldcc_xoxo nenaaaaaa dresses like me grows the dwarf ?? Strange to you good wey..enserio those talks we need ... Gracias‚ù§‚ù§
58,"@sanchezdelreal Yes, it is that the beta have already installed. Currently only work in iMessage"
59,@varitoponchito is that leading questions are not right! They are very journalistic and little considered
60,"And so bitter, because I do not suck me"
61,"@JuakyB stay calm me then, but I'll go looking car option"
62,"@crisasanz thanks, beautiful !! petite promotion make me !! you are a sun"
63,@Albert_Rivera @PatriciaReyesCs @europapress And the only contract will be possible? Thanks for the response Bnxes
64,"#Rajoy that fails the #investiduraRajoy not news, yes ... But otherwise will be interns who are in practice"
65,"With RT you can help robots association with psychomotor problems Crimson Guard
¬†https://t.co/ViEV7ST79a"
66,"You're doing all my tl happy, I want you to follow me @BlasAuryn"
67,"@aaron_np @OjeraFarlopera_ @ Nerea_RMCF93 we are antifas and we drink water from swamps that Franco made .... what a shame
Look, I piss üòÇüòÇ"
68,"Mark Valencia B 0-1 in Daniel Jarque, I must say we played 1 less than rigorous expulsion of a parakeet defender"
69,"@ Mamarracha2000 I saw them in the Low cost 3 years ago and was disappointed, although they say that so do a crap or are the host"
70,"Super speech @joanbaldovi in ‚Äã‚Äã#SesionDeInvestidura Ch√©, the public has had a voice"
71,"If you come here from my Favstar of the Cretaceous and clear, then I dur√°is not even a sigh. My neurons are not like before, I Jope"
72,"Hopefully all start throwing up because it takes a lot to take off a project, and all I have fear"
73,@NuriStill @MartuBlackRed as if that will .. and I'm already doing what you want to do. Nothing happens.
74,I love you dude thousand to those who have spoken to me
75,10/10 @noseashetero cute to see if you ever Lion miss you around here want to hold ‚ú®
76,Always the best people are those who suffer most #GetWellSoonSelenaFromSpain
77,"between hate day after day, the death of his sister, the death of his friend, the divorce of her parents when she was little, lupus, etc."
78,"@ Pau__27 But it is a joy to see all the people who have come out in defense of the classic and culture, pleasantly I am surprised"
79,You I've gone to dinner at sea of ‚Äã‚Äãglass and I puffed and I tummy hurts
80,Nerea @BarrosNerea You always sexy !! Have a wonderful day! Little kisses!
81,But @radioskylab_es thoroughly explain the habitable zones and conditions need to be a planet!
82,"@SusanaTRuiz are very, very smart"
83,"@crisasanz clear, I'm not saying it easy ... Not at all, I spent years trying and be my life's work, but I want to try"
84,"severus snape
-poor him
-I never hated him, it seemed very strict and unfair to me but I knew something was up ..."
85,"@TeoGarciaEgea @paconadal Again, delighted. And I do not like those tendentious headlines. But neither Greetings opposites."
86,There is an exhibition of paintings and one of them is breaking down by water from the air conditioning that falls on him
87,@dani_xelcox the action part made me very heavy. But the good times are very nice
88,"@aladroqe Perhaps it is because there are too few people involved in those professions po√≠tica, and if much bureaucrat"
89,Te @MarinayTal peak much. You are very funny. I laugh with your jokes kk. I hate it because I do not like Suicide Silence
90,"@virginiadlp now when I take my notes and start asking questions to my new ""daughter"""
91,Damn dude but because it has q spend my
92,@ Just y2konya this morning failed because it was insulting Commissioner EXPANDING HARASSMENT COMPLAINT
93,"31 AUGUST
¬†INTERNATIONAL DAY OF SOLIDARITY
¬†Because solidarity begins with a smile
¬†Happy day! https://t.co/XClh0GSjeG"
94,And my tl is dead
95,Alba Carrillo as a good model showing his profession in an interview with Willy Toledo #HableConEllas
96,@ BernaRios9 @gottabebravery_ I'm already ruined summer with both Berni
97,@xqwcrp @xoancarV A slip warned by @Cascarelo and remedied. Thanks for your contribution.
98,"And come, when you see yourself without a hard fucking, remember my guapis"
99,@Spaniart in when I was little and my people danced barefoot in a dress You?
100,"@Lakarcel @pimpsokzio and I took it last week, I thought you would be the first to me, I jo"
101,"@tejecristal 765 emberda
And because I'm dedicating myself to other SUPPS lately"
102,Pos I'm also sad
103,I'm preparing a lot of really cool ideas for the channel will gradually raising the level and quality of the videos
104,@PUUNISSHER @KingKongJulen @xCoorsa @Yuniiiiitoo @YouTube corsa hear that I have not played against Puni in lan
105,"@dei_biz To the contrary, I next great correction to keep improving my English"
106,"I maintain that toby is alive if it were not for the tweet of keegs, by troian urges few days ago ..... Those things know"
107,@Sandrarammos po gave it says I talk if I'm an open book I can meet whoever speaks pa
108,"@fredo_gf Hi, sorry to read this Please give us all the details in cliente@hyundai.es and we will attend as soon as possible. salu2"
109,Anyone know how or where to buy the red jersey of the Tour wearing worker l @ s @ s of Carrefour? Thanks # Pelot√≥nCarrefour
110,"we miss you chicaa thing!
¬†https://t.co/9QIk0GIVzO"
111,"@LionQueenOfJah No, we are selfish for different circumstances and interests. Partner're all alone, it is something to be"
112,"@rdelvalle, well, congratulations and thank you very much overdue"
113,@ReyBultos know that's not
114,@gur_pegui @pazborisb @YeOldeNemesis there will also be new Death Star. Leave for about 500 euros
115,@cangasdeonis_ @lavuelta Thank you! A pleasure to meet such a lovely village
116,@_cuteresa are two phrases. The one complements the other. So it is better understood
117,"@ivancastello plays a wonderful subject, because while being fiction is something that could happen. A Brother Big vol.02"
118,"@Tidxs_ 2. A long time ago we were talking on Skype by a mutual friend and was cool, plus you're very cute!"
119,"I'll be missing a few days, I'm running out jajajja gigas q + sad life !!! I go to the park with dogs .."
120,@Iluminaughty_ @Spiegel_Spike_ as I write I do not care what I think ^^ and when I think ajajaj if I think
121,@Pirata__Roberts there are very good people working hard in @SpheraSports. Words and drive @Eliperezup
122,@liamverse called know what is the best way to create structures that can withstand the weight
123,@ MsVelouria21 But very beautiful but because you
124,@pvaya @Sailor_Tesserei @ Sh3rryMH claim is that it is a very fashionable ... you know ... people like me pedantic
125,@gallifantes @trinitro @esparver That is a serious flaw. I could not give you a full life
126,@LoraInThePanda @_girlpride_ @Sorendix funny thing is that saying those things only further promotes hatred toward feminism
127,"@ OscarBV96 guy who depression. But nothing happens, love solves everything"
128,I got distracted with La Voz
129,@kindermeli have to study so that maybe next week
130,"@Ronan_Coke @ angelesuc1 @ josecg96 @Airatarra @andarellabcn Very sad, but do not forget the invaluable assistance of the state in this"
131,He went to Russia uncle
132,@FannyGEnguix'll be super-cute when I can I'll look at myself. I would be cool group of 'girls Spidey'
133,@Txemacg @antoniosanto I did at school! Went to traffic a couple of days to learn to ride bike (State College)
134,@Doodles are you here already? üòÇüòÇ This week I have it complicated but the next we go
135,"I regret to say that I'm not bald, my perfect bald is overshadowed by my hair"
136,I wish I introducing myself for the contest shawn born but as shameful and certainly not participate leave me as I am here
137,@montse_garcia will surely accompany the James successful season with a frequent reminder to your extraordinary work
138,"@Neinyatta To Me Babe I really like, and if not sesderma think it's going very well"
139,"@ LittleWhore666 old town, the end of somera"
140,@quinno_ Baj√≥n + Ed Sheeran llorera assured. It happens
141,@Doodles are you here already? üòÇüòÇ This week I have it complicated but the next we go
142,@Garcaterra am completely and utterly hopeless @ahorapodemos
143,Michael jackson @MarckLebowski too and people sing their songs
144,"I'm putting crazy photos because I don't have mine
But it's not so bad ... üòè https://t.co/uk0YcK18NU"
145,the bad thing is missing and ended up making his mid remake
146,"Hey, @rebecarus, Amazon tells me that ""All weddings need a plan B"" is already loaded on my Kindle. Do I start now or what?"
147,I've gotten so used to watching videos of @WildHater pelirojo I see the old own and it's like
148,"Some are Sad 24/7
Others are outraged 24/7

I'm Horny 24/7"
149,"Prettier can not be
By the way, I'm happy for the mention https://t.co/NAm5mf5Nz1"
150,"@vigarcu @muyinteresante @saez_cristina are starting to get a little visible now. And they go for their second model ""Fairphone 2"""
151,the jardi and I are boring pa when you come from? @Parsimonyan
152,"I love being this happy ... hopefully and this all my life !!! Good evening Thank you, I love you @juanjoatleti üòôüòò"
153,Yesterday I fell asleep xdddd the worst esque still busted
154,Sara q xq think I live striped sleep listening to beret and weno
155,"@Mereeia fi take me with you, I also amount and almost always alone"
156,it just saw something very unpleasant cris thanks and good night
157,@GreenParadise_ siiiiii Friday uncle buy you a pint jurao
158,Andrea @AndreaNavedo Hello beautiful !! Have a wonderful day!! Little kisses!
159,@Chorraera FP has vetao
160,"I would have loved to tell the martyrdom of St. John the Baptist, which is like the movie. Herod, Salome ... but he has not given me life"
161,"New trailer! #PokemonGo in minecraft! I hope you like the pokecasas you the imaginabais well inside?

https://t.co/D2sH0op1ei"
162,happy I will be at 3
163,@PitDiamondcore puffff bastards .... Well ..... it starts again nothing happens jejej
164,"Salmon salad, one of the proposals rich in today's menu
#MenuDiario #RestauranteCasinoLasPalmas https://t.co/tdhagu3Hgf"
165,The truth is that I have a good day today
166,#ide the first day of class will project one of these photographs and I will ask about photo and author See how they solve
167,@agarotadipanema @ montano66 I just I quoted the great definition given of them very soon the artist Omar Jerez
168,Since when I'm not loving?
169,"Good morning Magaluf! üëåüèª‚úÖ
‚Ä¢ @BHmallorca ‚Ä¢ # BHmallorca # Magaluf #Mallorca #Island # Summer2016‚Ä¶ https://t.co/amAnsSDaxI"
170,@ Vmc1385 Thank overdue !! This from the Twitter to not watching him .... A abrazoteee !!
171,People Descojonado me when I get disgusted and do not take it seriously
172,"I'm pensanfo seriously go tomorrow to Bilbao hunting and shopping
Ohhh wait but if I do not leave home"
173,@ NormaRuiz01 And you as great as ever !! Kisses and happy day !!
174,@MatiDiazWarrior @severinoiezzi @ Maxisanchez06 ... We add the card to a big !!
175,I thought I would die on the road back from the beach but I have returned safely to Sevilla go fabric
176,@Belunitaaa alg√∫no would rise heartbroken by precipices
177,@lirondos already had fichado and I want to give use Thank you !!
178,@Jorgeoneer already but I'm not much of pc. Not very powerful mine
179,And the ends ineternete
180,In @kenneos so I hope you get this tweet another alternative reality where still alive because there just is not your way luck!
181,@LadyEternalSed are much more emotional
182,@ImFebrer Do not hurt me lol @xSeth_Army than cruel q would see it ^^
183,"#emprendedores time in the Congress of Deputies now. Always quoted startups, not social innovators"
184,"Reuben and Mangel should do as in 2013 and mentioned on Twitter all the time.

So we would happily * do not *"
185,Thank storm just appear when I'll get in bed alone
186,"@Sakura_April Ow
Well, nothing happens, when you can confirm it, I'm here üòä
And if you couldn't cosplay but you could at the expo, +"
187,@plsnomoredrama @Joseemiii @IsaMeseguerMtz @svvvdbxxy normal with that face you have Alexia
188,@lekilig thread fabulous one share everything you say ^^
189,"@Alex_Dieer you see uh, they were embittered"
190,uncle but the end is crap has given me a lot of grief really but good spoiler but I pf
191,@TartadeDurazno is what has to be a cereal
192,"@agarzon by the way, congratulations
Great news."
193,"@jramonfernandez @ DianaMarqus1 go, there are many absurd rules and are rising, but you have to stratify"
194,@tenistachanel why I've put in quotes ..... pd the yankee already peloco√±o failure then?
195,@ 2KEspana NBA 2k17 know if the game will have passed between PC and PS4? for example?
196,Cerquita of 4k and elo
197,"@ Juliojota96 Forgive me evil, Julio, you know q love you, but erased from the MAI combat the least the separatas"
198,I want you to notice inside me but I wear a size tits hundred and largest neckline that there
199,"See me in person, I do not greet me and then you speak to tell me that you have seen me"
200,"@BrujadelTuiters. These words of the poem, MOMENTS, are Nadine Stair. American writer, the q likes ice cream."
201,"@ManuelDezGalian not, but at 7:10 if"
202,@Yulian_Poe @ guillermoterry1 Ah. much more of course! just that I include. I had misunderstood
203,@TodoMegaDrive this time I opted for the Japanese. Q. I love the battle of caratulas
204,Today will have video at 12 and at 15
205,@carlotalotalota It grieves me that this happened because the idea of ‚Äã‚Äãcreating a state group with local divisions was something powerful
206,"@Orion_Pirata abscess of pus in the back, but takes home the 8th."
207,"@dafnedelray I feel very Important hehe not really no, this sucks"
208,@dovesandletters @SeveZubiri @Lady_Lolita @teleSURtv that's Seve it gets exquisite. I more homespun (less florida)
209,@JCesarPL @GuidoBCor remiss. I thought about how discourses are constructed and their employers. It is an interesting debate.
210,@cyboruga happens to me sometimes just proves that you change it or something is that I changed it make me a few months because before it was not N√Å
211,It is very beautiful
212,I mention Sofia in beautiful things and she pays me for blocking me wa
213,Mingafria harrison. If for casual get you paid me win tonight. I do not put my pressure. You will see.
214,And nothing will be available via #soundcloud my new session with the best house and flipante rollazo
215,"Let @ArvenLoL, dales hard as you know # LoLHonor2"
216,I wanted to make a very special stream .. A 24horas but with a goal ...
217,I left home without going to the bathroom and I'm peeing like a person
218,@Bvillamor_gay has been a pleasure! @Ed_tve very professional today at 19.39
219,"Thanks for the cheering! I slept a little, I've taken a pill and has dropped to 36 and a half, but still I rarely notice"
220,"@PsychoViolence_'ll be many more times for Barcelona !!! These days I have to be a bit complicated, I will inform you"
221,"A hashtag for good reason, give it to come top #demoslelavuelta"
222,So quiet that I was ...
223,"Look I'm pessimistic club, but I hate that people are SOOOO pessimistic"
224,"@_tontonina because we are Mostoles, leave our environment is difficult"
225,@Duke_apologia? This Tweet is not available. q says the link does not exist
226,I am happy and at the same time cagadisima
227,"@juanrallo Ya, ya. A building itself, the building B no. Very easy to articulate"
228,". @ DavidCpsberga @goslum Come on, you are the spokesman for 2 million people. ... immense minority. Do you mind the ""minorization""?"
229,# InvestiduraRajoy13tv my madre¬°¬°¬° @JoanTarda and return of astral travel ??? And that of the @eajpnv of interstellar ?? '
230,@Jorge_LBU are in love and sometimes hurts me because it will suck ass bitches other and not say anything #crisis
231,"to to this, the uncle of ONO has not venio"
232,A cloudy day does not have to be a bad day!
233,"Curro esque summers, so I can not be much but if someday you'll spend alerts and full hd @Sergiio_Moyaa"
234,"@Asukawachan Thanks already happened to me once and antibiotics were miraculous, I can not wait to return my mother with them"
235,Hahaha @ConsueCaballer because that milks me crazy ... I took turns pet√°ndolo days and nothing ...
236,"I think q in this edition blogs @iAgua the 4th position will be the odds +
@hidrojing @jcponline @MarinaArnaldosO https://t.co/8HLHYxOX55"
237,@PortalSB_UDLog @CDLaredo @CyDLeonesa these at least have seen 4 goals
238,"fuck poor men are oppressed by forcing women to shave them
# Justice4hombres https://t.co/C09iDQQr39"
239,"Today has been a hard day, and I have caught a finger with a door and it hurts a lot but it passes me knowing that tomorrow I see @ManuDrugs üíöüíö"
240,XD @SweetSuricata just passed me anyway Nioh control I do not like
241,"@ Jordicanal64 For if not fichan ""whatever"" in addition to an awful ridiculous QSF leaves us just planted ... hopefully not"
242,"@Mary___says'm not going to criticize to upload a video nasty, but I invite you to go to Cuba and stay a while to see that this"
243,No jo I'm not as irresponsible
244,"Well, I have gotten a good repasito in today's final of the tournament Playstation League hehehehe holidays noticeable"
245,"@dime_quefuedeti Tod @ s should take in our daily lives, this phrase, and q tod @ s are immigrants somewhere."
246,@alienmarica tried that last year and my mobile was crazy with alarm
247,"@NeoDonNadie to spare, if we are only 3 tell me your ID and now you add"
248,Espanyol interested in Akt√≠ Mel to strengthen their defense this season. I reach 2 million by the L-casei Imunitas Greek
249,"I'm sorry Well, I have left a video stream of hype for tomorrow, which will be fuertesito"
250,"@DTM_Spain Horse Racing backhand is more interest, more cars ... but you yourself say, is a company, although it is sold ..."
251,Oh uncle is that it's so perfect
252,I was ugly are saying that small
253,I do not call me Laura but you marry me? # ElRaboDe8cho @ 8choOficial
254,"Anyway, I do not even know that annoyed me"
255,"@rafaMartos_ @ IsraelGV2 cari but has been part of the dance, then comes the vocal part"
256,Still falling for you is great omg Although Ellie see the face of all botoxiles touches saddens me
257,Often @RSD_Spain honor !! You pill√°is me just on vacation but around talk
258,@soryrahe_ @Tengo_Mas_Razon Please xikos that what you speak privately okay?
259,@Ancar_Lol always looking for something better now I'm fine and collection well. But can you go to one of the Prat!
260,"@pabloserrano @JesusBengoechea Madrid has the culture of those who ""does not have its own culture."" Come on, like the Romans in his time"
261,"@SonrisaChocolat ni√±uca thanks is beautiful, I promise I have made my evening with this detail so beautiful and touching. A thousand Kisses"
262,"Good morning, this is serious .... first day at work ..... #FelizMartes !!"
263,"Good Morning! Here we walk, with post-Uncharted 4 syndrome: S
I need to play hit 5 ... Peeeero no time"
264,It is sad that almost all finished my series have been canceled because
265,@Rachel_Green_ Yes! MUWI stage Revell√≠n is free and open to the public
266,"I imagine that as such
- Hey man say that we are allies to fuck more hehe
- come uncle, will see if school"
267,I caught my first gym on Pokemon Go. It is true that you probably do not delay or 10 minutes take it off. but mola
268,@rafalasa @ruestern @Eleder_ But if you are already skinned insulated waitos!
269,Why a party at 10 a.m.
270,I'm going to take a nap that hurts my head that is exploding meüòû. Have a good afternoon
271,"@CelopanYT in the last vlog, to the title lacks an E in the word ""Step"" I suppose you wanted to put ""whole"""
272,For me my best year was 2015
273,@policia 2 hours waiting in Gandia Police Station and have attended 3 people! And only for a travel authorization a minor.
274,Let's face a little bit old photos) apuf
275,@Landspecies and feel empathy towards any living being without distinction
276,"At the end of the triathlon she has left but pure stubbornness ... 7:07 efforts, my state is busted up"
277,@JL_Blanco Thanks for the information. It seems that the smell has ceased. Yesterday the same thing happened about the same time
278,"@IgniLefiaSplash One time my cousin kissed me without warning. That was my first kiss, and never again have one"
279,"It's amazing and such but no, I will not go to the TH"
280,@rushsmith are not you going to read but if you could tell me what time I catch the bird very happy harias morning. I could not see you today
281,Why I like your personality than any broad back
282,"@UnAustracista @CarlesRH Metaphor = comparison, that's what I said. A little literary theory"
283,The principle has been super iconic but with so much movement was dead poor #VMAs
284,"@OfficialCritika @OfficialSaik dreamer forever love you guys
WANT to embrace https://t.co/oLDFpQ0Cd9"
285,"I just discovered Filip van der Cruyssen and incredible #fotografia of #retratos ... I want
¬†https://t.co/2T0S6DGxnm"
286,"@LetInNeverlxnd us is small, only 300 gauging"
287,"Oie, I love myself, full of pretty things"
288,Pro is not very aesthetically pleasing
289,@ Ann_lloret99 @ luv_m0ney_party the departed are the q up things that page not
290,@Candiecita so long following you and reading q Put them nice things and now no longer leave me?
291,I with a message of good morning and a heart'm happy
292,I congratulate @MigueZYT but are not characters in this tweet me with which I am very sorry next year will not get rayes bro
293,"@gloriatn
-Congratulations!!! üéâ
-So cool in your icon
-I don't know you almost nothing
-"
294,First day of the 2017 Operation Bikini overcome .. I can! #altafitdonosti # objetivospartan2017
295,"Thank you for recommending Victorerubio tracking @MandalaBeach. International artists, monologues and live music"
296,Send me messages of love that I feel loved me the wake I'm very sad
297,@HausofMai @julenfenty Maite has been great to meet you I love you serious about a cute girl
298,"@achocoblog ... well, deserted, desolate, no, with some fey beings"
299,"@CdeCiencia Well, the cold is the least, you can always put a good coat"
300,"@ Betvs_19 cucha, a pro-independence writing in Spanish !! No matter of Barca who I am, you'll find the grassias life."
301,"@Lahierritos as sabran month jo q

* CCC course of gawkers and voyeurs"
302,That moment when you do not have to see the video megs and your father's house no wifi #MamaHeAsesinadoAMiNovia
303,"@ Jose97angel ay, when published yesterday and saw a bigger feeling came into me ..."
304,You have not healed me sad
305,I'm one of the old
306,@Javiturpeiro So much so that more than two years since I left and I still have not dared to have anything stable with anyone. Me da thingy ...
307,"@joseche_jagg @adsuara +10000, cremos a recruitment agency temporary, to see how it sells unions"
308,Today I am a little sad
309,"Today, in the misadventures of Albert

Without water out of any tap on the floor. has decided not leave until further notice"
310,@keirzar I have it easy my one true love is pokemon
311,good good good'll make the sprite of the first gym leader of my fan made
312,@oh_gabi great! Now much better than the first three still there are still things to polish
313,"Look @Juanjok I would like, John, I speak to you with emoticons, but it is seen that ntros phones are not compatible!"
314,There are videos that are not sent because I have no space in the mobile so sorry
315,Books engaging from the first page and make the time fly ....! Buenisismas nights
316,"@Ximnart and, still ... I do not trust people"
317,I'll grow my eyebrows butt in natural plan because
318,I'm on an emotional roller coaster piloting my ovaries. De putis
319,"@cigotenks I pity you, I hear that there because you find them. In other words, someone reads them first"
320,"@ Angeleta1973 @elespanolcom I saw your ID or passport but claims to be but it's very, too, quirky and uncharitable"
321,@carlosmoreno_ch claroooo or several already worth only PSOE broken them ... etc
322,I have a dog he is the illusion of my fucking life
323,"@ MAAJ39 estate attentive to our social networks to be informed of the dates and sites, and thanks for writing"
324,"#Otegi disabled #EsLaSentencia
Women covered up eyes #EsSuCultura
You have an unshakable sense of the world and life."
325,@__beatriizzzz fresquita ... the only bad thing was that we took the good bank
326,Anyway I'm more alone than one looking like a dyke sleeping and waiting like a puppy pa q me walking a
327,@ladyfrigopie not you say. .. well you're weird different
328,Today is a beautiful day
329,@aberron At the end we will be paying consumers
330,"@sweetbiix because there you go. If you do not run away then you're a fighter, not a coward?"
331,@sabrygarciarena Very sexy Sabrina! Kisses and happy day!
332,"@ Lour_14 @CelopanYT Hopefully, though the possibility is so small"
333,@ Najeraa13 think I'm the only one who sprinkles working all summer and all of September
334,I have no episodes of Game of Thrones to see. I feel empty.
335,@WgWillyG the best I've had bae
336,I have a very serious addiction Burger King need professional help
337,@IvnLz ‚Äã‚Äãthe rest I can doubt but that group have it clear
338,When you suffer because you do not find emulator to play pokemon ruby ‚Äã‚Äãon iOS 9.3.4
339,@Estrellalevante Hello! A question? The factory tour is free or have to pay anything? A greeting and Bonica bonico mine!
340,Little productive day today
341,@chiscoyo man! I long with people I like him clear with whom I dislike or water Muacc
342,"@ Walter_Sobchak1 By the way Walter, what great d throw the ashes to the Donie"
343,"@marulango pointed right angle to a reflecting surface, scientifically yes"
344,"@FaranduleroYo Well I hope not tell my girl or not vote more memeo, well everyone will have an opinion +"
345,"This well have brothers, as long as one does not choose to be subnormal lost"
346,It is desirable to have a democratic government to fulfill its political role. NO it is to have a government that represents the # corrupci√≥nPP
347,"@wikkedchild I see more fucked up, but hope is never lost."
348,"Now I'm in Madrid I can hardly take pictures Chachi, only me and not careto"
349,"Hello @FantasyLaLiga not updated classifications and what is worse, the market is empty for some time"
350,"I'm between two, but both are super expensive"
351,I'm preparing a lot for that special extra special
352,"@ BetisFans7 @ AntonioViola1 I just to call your team ""THE BIG SEVILLE"" I blocked Jojojojo"
353,I am very nervous about the party
354,"@marionaral @mjdelrio @AcevAsociacion thanks
If the bad truth is that does not necessarily make us happy."
355,"how many times I heard not open, but do not get tired of doing it and it sounds so good together @MisElizaJane
https://t.co/KVPc6WiIGU"
356,"Waiting for the new season d # SuperShore2, let's warming up with the premiere of # AcapulcoShore3 tonight at 22:30 @mtvspain"
357,"Nominated by @learamartell
Here are our movies and our tagged them. https://t.co/hWqxW19Rjr"
358,Ay ay I want to record a piece of Down with the ukulele because it has to be beautiful. But I have the fatal voice
359,True @sammyriotmars bonico is to give another life to books
360,@amartino @yagoperrin the two less whiny friends I have
361,@_xOshiro It's not pretty or ugly but because it is an animal with feelings aunt is horrible
362,"@TheLordOfKai why I said ""almost"" as a subtle method of approach"
363,@CiudadanO_O @Moralzarzal how easy it would be to educate q for these things ... what a shame
364,"@GothicNekoGD Nightwish have seat, even if we were together we can not sit each side of the other
For the others I have track"
365,Off or out of coverage
366,Pos @helen_acks yes it was you limited in finding ways to not get bored in class
367,@ignatiareilly a wave of homophobic things earlier days
368,You @miraqbien solidarizarte me and could not eat any ...
369,"@cantagalli Spend the most interesting link Please, not to see 5 times the same"
370,@santizuza go buscandote an assistant who knows about medicine because between Digard and Riviere Haras chronicles from the infirmary
371,Peter Iglesias If you had listened to her second government would already be solved long ago
372,@RadicaIizate @pvaya but ... She ... It's not green !!!! Although now that you mention it ... It's ... uh ...
373,@RoEnLaRed I was not going to read but if you could tell me what time the bird to catch me very happy harias morning. I could not see you today
374,"@babi_dark_ if you already do, but I plan to promote is complicadillo make a draw soon"
375,Finally my friends start to visit me in my work destinations have only had to spend 5 years !!!! (Well I Guada tb)
376,"I
I cago
In the dead
Of all
Malignant bacteria
From my
Throat

."
377,"Good morning, @eslosiguiente. The following is sad downcast.
Encouragement whenever it rains escampa."
378,"@miguelagaiteiro @cultrun @lozanoirene If there is something that sin, which is to be good people!"
379,"@ Tyucan1 the same can say about your fanart and by the way, your comic, very funny!"
380,"@SrHador Agreem retweeted'm not when I think convenient, but I contribute my opinion quoting and reporting, and so keep @EnekoHumor"
381,@rossiepussie @ luciakawaii1 you come to understand and respect. They have to be very bad to force you to eat something to force
382,"@livingjacob you have it easy, live at the side of madrid"
383,I @arivero the web you had to see pokemon who saw your crawlers no longer works? I've been two days in and no longer going
384,More of the same ... Esport3 giving a 2nd B match between Valencia and #rcde and hair are not cut far to say that the $ to mark in Bilbao
385,"@AlexBellamyLeto whenever you wish we take you to a great place to eat, good value"
386,I'm nervous and do not know why
387,"Have reached the first #granadas The first salad with autumn tints falls today!
# Echo ... https://t.co/DICRGhwe5X"
388,@cayusollo because I need an audio for the next episode do you cheer?
389,"out of work, looking at a couple of things from the channel and go to the cinema to see pets with planazo amigos¬° from Saturday"
390,"It is that all those who say that we listen to ""gemeliers"" We teenagers are the first fucking teens fucking"
391,Voted on this not the other
392,"Latin American channels like Andres Navy, Extraordinerd or The Top Comics are not bad, there are very good material"
393,@valenciacf My feelings and my pride Valencia are very large. I want the best for Valencia.
394,"I never saw anyone screaming in terror or jump so much in so little time JAJAJAJAJAJAJAJAJAJAJAJAJA
P'm not cruel, it was fondly"
395,Esteban promoting the Estopa concert in Leganes ... That unfunny jokes begin what we are todes barriobajeres
396,@EspeculacionCP √âchate years and many hours learning and practicing could be a good title.
397,Yesterday was going to try on cosplay Nozomi guy and see me the first caps Diamond no Ace ... and I could
398,@AoDimi me is that during the summer and enrollment made've changed my mind. I want to touch FP psychology but infor
399,"@AntimadridVCF If they play well, but do not know chutar, we are breaded. Nobody knows shoot on goal in Valencia?"
400,@dexamina I have quoted several times in tweet Heidegger and I get you
401,"@ RanLuna13 the Odyssey is one of my favorite books, and I love Shakespeare such as Hamlet"
402,"@Tidxs_ 27. It seems that things are not going well, I hope that everything improves, everyone deserves to be happy"
403,"@r_falque good, sometimes it's all I have, and there are some worthwhile"
404,@ideiazabaldu there is not a secular Arab country ... Even with Algeria and Tunisia are running
405,"I decided to start processing macro summer photos
https://t.co/M7NkkPI4f2 https://t.co/K0HOtoDz4c"
406,@LuciaNogueras understand that in a bad way?
407,@Lentejitas @Manuj_Hidalgo @ lupesb77 convincing my oldest daughter to see
408,"@RarrochaR well said Roberto, things by their name, because nobody says cola ed"
409,"@ Jonoro96 you buy a donkey would send, but I do not have shops open now"
410,"fight is coming and strong between Willy Toledo and Little Nicholas
#HableConEllas"
411,"@themindcamp yooooo rookie serious, but I have talks in the chamber"
412,"I do not mean to vehicles, I mean cableways to get quick access to x areas of your (hopefully) large base"
413,"@ Joanes22 at that time will be in the @Designcampfest of Lima! But surely I visited Pamplona with ""La Sed"" in November"
414,"@DoloresParis is not, I'm tired"
415,"@OmegaESP would be a train ride from Madrid, and have long weekends every two weeks ..."
416,@Tidxs_ ay better than nothing right?
417,@landscps Well imagine in a big house
418,"@_ArtificialRed_ tocaya thanks .. But it's true sickening .. neither one extreme or another, if there is sexism will be the first to go .."
419,@Currice are not you going to read but if you could tell me what time I catch the bird very happy harias morning. I could not see you today
420,"We are accomplices Spanish that govern the PP NO. They are its nearly 8 million voters, more than 34 million census"
421,It really hurts the head guy
422,"@kalvaniGH Well, I did not believe that expulsion, I seemed another Tongo like Ares, the two biggest robbed of that season"
423,I @JPelirrojo love the Vapes thanks for being there every day and rejoice
424,"Shit left, will for pitaso"
425,@julioinsadji're real quiet around here in July ... q n can turn on the radio
426,"No, I just want bailarte crazy jellyfish private @GuiasTacticasES"
427,@ Imdariusb1tches is that they do tio
428,"@zonammorpg Sugerenci Could you make a TOP (or, at the least, a recommendation) of the best MMORPGs for mobile devices?"
429,@Ivangomezruiz @TurismoAsturias From there we return after a spectacular week
430,"other night until 4 in the morning wakes, boring and without sleep, I see it coming ..."
431,"Copa Libertadores Final BAL! the last final of Bradinho ...
https://t.co/RZnUVPNa5D"
432,@MilfncokiesLoL @Paloma_EB Saturday or Friday could maybe But I have to play during the week
433,"good pa Cuba ticket bought, now do more diet because it has deretido card"
434,"@ DaniRS95 are the PACMA at all like us but nobody wants us.

Let's cry together"
435,@kurokatze_ I've never seen whole because I literally sleep
436,"The next video is simply explaining how to get involved in ""Responding to Verso"" special 500,000"
437,"@HurricaneOfFire'm recovering from the video and the time ""(bird shit)""
It seems a parody of himself"
438,"For my body for money I have not offered, but my time itself. In plan, if you have the absurd idea to stay with me, you pay your everything."
439,"@angstiness they have many back problems, knees and ankles but only compete to 22 or so. 22 are old."
440,@Goonzas_ not go or I go to Madrid Vigo? Hahahaha I live in Coru√±a silly
441,"@BerothW Of course, in the Mercadona.
Man, I'm crush over someone"
442,"In early September will my new theme in video form, and I have wanted to listen to it!"
443,@LadyGraphene to the next to see if you see
444,"@kiwiliberal concepts confused, this is the level, social measures ‚â† socialism. Good night Madruga that morning or not?"
445,I have a sister with her bored haha ‚Äã‚ÄãI can not believe all the crap you learned from me. It's like a second Nicky
446,I have to extudiar bad and you
447,"@ Concht1 but we have demobilized, Concha. Us / as we leave the streets alone. So we will @CiudadanosCs"
448,@josey_dani What pintaza! Both chistorra as loin are delicious products. We will try your suggestion and cold sandwich
449,"@TeoGarciaEgea @paconadal This is a mere example. what are complex ecosystems and eutrofiz. to reduce them to ""There + fish"""
450,"@raquel_lpz Hi Rachel. Unfortunately we warned that there was a change in plans and may not come in 2016, we are trying for 2017"
451,We have a president who is persona non grata d his city @ahorapodemos s nobody is going to remember d c a road fuel to third monkey
452,and llegoo @dominguezja to get to gemeliers !! kisses from Motril @canalfiesta
453,WORK FROM HOME !! It would be spectacular to see them! # ConMTVal727Tour
454,@PapelitoRojo @sushuneta was great we must organize more things like that without the need for anyone to leave the country üòÇ
455,I want to go to the festa major Llinars next week it's my charming little town
456,I feel spam. I want you to understand and you share with me the happiness of the moment. I hope to be the best captain ever!
457,"I'll see you tomorrow missing, but the best night was not Britney go I was disappointed"
458,@DarkPortu ya ya but still not convinced me
459,@camille_blonde_ @yasmi_mendeguia I have since married 14 years together 32 30 I melt if approaches and k is completely devoted to this
460,"@EstherSwaggy do you do also the same race? Jo, just as one community to another change, be positive"
461,"@ Kikolo777 But if you only eat paellas-of-truth, Jap yr pijo to desas things up Instagram, homrepordios"
462,@ Futbolero93 just remember that Iman is quiet
463,"@RaulMJimenez_ @EdgarCabreraG siiiii, and again I am ready to go to the program. And then the concert OT"
464,"@Jabokatu I have no idea and I am the first to say ""game"" but at the time I was convinced that this was wrong."
465,"@ SATU_9R @ LaF1es No, but let the skin go 7th and discard the other points. Read the text Carlos explained it very clearly"
466,@judithgoan not load because an official wire I have loaded the bat and I get the new Sony tomorrow
467,"I just play PES 2017 manual and God as changing the game, playing legend, 0 speed, IMPRESSIVE # PES2017"
468,"There was a man on the street.
He sneezed and from the window I said ""health""
I glared and walked"
469,"@reivajcorrado @_Jesuismarc Someone knows, someone in this strange place that is the future. This is a business for humanity"
470,"Shall I put stream in 10 minutes with my team McCree

It will be a shorter stream 2 hours ^^"
471,I have a little abandoned the tw
472,Of the few times we talk on skype you seemed a very great person
473,"@ XZ4dry @xSLGY You look so good people see q, t've met thanks to qt"
474,They are very nice jo
475,It is already fucking me ... good afternoon Pep me.voy to give un.paseo
476,"@umaprepon @beyondhell_ @ohwowfuckyou_
Not you noticed that since the verdaderx fot√≥grafx ... He can only go with men"
477,"I put the single radio listening jajajajajajaja pa ai, who wanted to see him and ostia"
478,@ Rubiu5 when the PD diras winners: good morning have a nice day
479,"Chatel with my cousins ‚Äã‚Äãwe did a funeral for a parrot of my grandparents' house, singing an adaptation of ""Dear"". DEP Juanga"
480,@LokiMondrak The truth is that I had not known how to react rather than verbal violence / physical towards their attackers or their parents
481,"A little bird tells me that now can not book anywhere Bibo, the new @danigarcia_ca. I hope it is demand."
482,Hey @luciaskaa you get to talk to @ josecs02 like old times and not avisas @ JuanAlfonso251 @CrisDazGar
483,Lv bitch fucked me was the small wheel of the mouse and good
484,"Manuel Carrasc
-One x One I like
-Voucher
-Okay
-ta then maricarmen
I do not like but let's say that I respect
-me songs"
485,@SuperPaperEnder would have done with or without me
486,@Escuarantula'm still ugly but when I met did not have red hair
487,"@audreymolgar oh yes, but I can not change the username and I am an odd number search Help"
488,Yes I will go very very slowly
489,@PattyCavallone For guys is donating a thousand times easier than girls
490,@MarinaLiaison you have wanted to put me quemad√≠sima but there is and leave the dots
491,@seestrena #seestrenasietevidas type would be a cat Garfield why I'm a bit lazy and because I love lasagna !!
492,@IchDavos is pretty cool because it's very flexible in terms of schedules and technique you want to explore
493,"@ToniThrowdown now I have a dilemma. Help Toni

And 3DS because I came to 25 euros new https://t.co/2bSRMWnrZ5"
494,@ Putaqueen7 the Petada this page for days
495,@ ManuelIzquier14 in September limited hours toboggans but still pools open until November
496,To see how the reborn
497,"@Formalito_soy @JaniJoplin Sentimental puts us Handkerchiefs, please!"
498,@JaviviCGT little but intense'm about pirarme Seville Day with Mario
499,@Kosto_Trading @juanrallo Or wear a motorcycle helmet to cover you entirely
500,"And while eat popcorn while ye remain portrayed because, alas, is what happens when you use activism as a weapon"
501,"@Dalek_fan what will I woke up exhausted, unable to get out of bed in the little strength he had"
502,"Seriously, I love @LeoDiCaprio"
503,@WingedArrow_ @ redskyF2 if but Mario fuck comprate own
504,"@ReinaDeLosGatos look at the thread, which is explained is the first planet (b) of the Proxima Centauri star Proxima Centaur b"
505,@ ClauNavarro777 yes but I really was trying to fall asleep several times
506,"I want this figure of Madison hopefully be the next to leave Alicia
https://t.co/dTnJsrR8to"
507,But I am so poor that
508,"@yddeon University is easy because you study what you like

JAJAJAJAJAJAJAJAJAJAJAJA IS ALL LIES"
509,"@luciaaaypunto No, I think not. I just look at my date"
510,I'm not most sociable
511,the positions of everyone must be respected face situations that are presented. Something we are not all equal
512,@RoussiRT jajajajjjaajjjjajajaa does not do it with my ass and is of great value.
513,"It is worth to take the bonus, but it's much more fun to fight"
514,@ Reyminguela20 the next time you go to Madrid will not be in my plans. Damn
515,@Carlotayoutube just put me bad and tomorrow Hangout in Malaga hopefully recover before the Hangout ‚ô•
516,"It is very strange feeling I have now, but anyway ... What else will"
517,@anniebooksx well I want to see it but I want to read the book first I have it pendingüòò
518,"# FirstDates112 therapy if the picture is so normal that follow single, the problem is not me. I feel better"
519,. @ UGMadrid our recommendation. Nothing beats a good game of paintball!
520,"Repeat, NO DEADLINE time and questions are ON E-MAIL no video above"
521,Have legs full of mosquito bites that seem wounds NO I laugh.
522,I go to the youtube videos i almost tots are material haul school i look after
523,"@wilma_lorenzo Don't fold the corners! üò±üò±
Put post-its !, it looks cuter https://t.co/DFKQaseaNA"
524,@slcuervo the potential of the Spanish is not valued as informative language internet business that escapes between the fingers to Spain.
525,"@JCLilGangster I have to put up with 4 small children, I do not know which is worse"
526,"@antobosca worth ah, jo Boski I wanted to play with you"
527,@remardifuck me and I were the 2gb
528,@fevafer uncle did not remind me
529,"@marcasgz I remember that I am a person who has discretion wrong, but I have"
530,"@ Graffitera23 how beautiful! It is good to look away to the sky and clouds from time to time, is down jodido.preciosa photo, a thousand hugs"
531,I'm not so sure that the math test will be the one who did recovery in the last quarter to which no one took him photo
532,@morbosaborealis hahaha ... that's true ... here there is not one I sane
533,@ Victorypeace76 @martiade @YouTube what the ring is a nice touch !! thanks
534,Who's coming with me tomorrow to drink embarks ??
535,Verda soi as lameculos
536,He's gone and my back has not finished as leaving me in a corner of my own bed
537,"Tio @CrimsonGhost__ think then fly is an insult, I think that's a bit disrespectful to poor"
538,@DiegoPajaron double @miguel_prat sub-champion of Europe's something haha
539,@ImFebrer @MalagaCF None of the clubs made it official but says yes
540,"good evenings not just in back
¬†until next year"
541,Unfortunately the draw I had planned to do is just to people in Europe and will more draws for everyone!
542,"@cduranestany is that everything is read, thank goodness that leave to follow when he finished last season .My health first"
543,@anniebooksx has to be entertaining you will be the first to see it love me üòò
544,"@achocoblog hey, 7/8 is not bad"
545,"If Ann is happy, I'm"
546,@angybir @BrujulaOndaCero Thanks! Times a bit different but there are
547,It is what breeds are among my preferences ... but it will be very difficult to adopt any of them
548,There is nothing like watching the men's semifinal Open Padel Nuc√≠a while doing 30 minutes of stationary bike butt
549,"Okay, but I think I'll have a little problem
if I can not have the keys to the floor for photos https://t.co/WOvpvT0I7s"
550,@ Darthmagnus85 @ Will_1981 @En_Marea @mahou_es is so obvious truth? it was not necessary ... it is true.
551,Today will be a long day ...
552,"Preparing the suitcase, next stop #huelva #fiestasconamigas üíÉüèªüëØüöÜ"
553,Accounts need to follow more shippers fans Camren and harmonies. I recomendais any?
554,Bel for the porn
555,"@Paco_Jone How easy it is to stay quietly, dropping his pants and not say a peep ... much ignorance in your ""opinion"". regards"
556,These days I find myself very weak ... I hope I happen soon !!!
557,VALE AND WORKS ALELUYA've had to change the Palanza right button on the left was broken q
558,11. siiii was super funny We need not have taken a picture
559,"@SilversunRhythm good, miserable a ""heavy"" or Silmarillion, and I love them both, so book will be worth it"
560,A scary @tifuho case? And its function ... survive to fight another day?
561,@OriannaSenpaii can speak with me siemprw
562,"@ManuelaCarmena need fonts with pitorro in Vallecas, most are broken @MADRID"
563,"@PaddockGPWorld @miquelliso Permit none, please! The photo is Miquel and I delighted to see her in my timeline"
564,I'm starving but I can not get dinner yet because my roommate is having dinner and do not want to dine with him
565,Tio the end of sao
566,"@voicesyntex'm like the devil means is marginalized by demons, but also human"
567,It's just so ... I'm always so
568,A US so big for today
569,@ _Raquel97_ Thank you! I hope you get prontito and enjoy it a lot
570,I just wanted to talk to people in Verda
571,"@fonzeff @malenko_ @girotix That I'm afraid, very hot and many people everywhere, bad trip in August"
572,Thinking about going to bed early and get 2 see chapters #minorityreport the best way to cheer night
573,"I do intense bullying, I will you do if one day? @AlvaroAuryn I #askalvarogango"
574,@flyintothestorm @SelenePetalos Mmmm I do not I can say anything I guess it would be logical but I had to know
575,Silvia heavy stops giving rt I get double reporting
576,"""I'm @EssieSenna. This is my number Finnish phone. You can delete the English"". And ""Grandma thinks"" .. ""was a girl of 8 years"" .."
577,@Paco_Pinero But I tell you that I love to have this conversation with you in other circumstances
578,Returning to activity in #PlanetaInquietante another curious finding Canelas. #Portonovo
579,@Eduardo_Pers Ps that exterminated. For my sanity (and pa I can stop making a fool by the jajajaj street)
580,"@polux_prm impressive. A pity that today can not take a picture of the sunset ..
P.d Thanks guapi√±o"
581,"Hahaha @goetha took advantage ke could, and went to currar but tomorrow then there rests a lot of trouble? And with the malague√±o que tal?"
582,@EduEmoEsc thank you very much for following me. we read
583,@feralcazar_ is grasioso because instead of aspiring to be mayor councilor aspire ...
584,@FunInFvneral burrada what they put today ?? I've been blocked by another heterada months and I missed it
585,Anyway I go to sleep give me a good nice nights MD
586,@gemacorga can go free for the next season
587,@aquilatiki I not have but iPhone is the app that lets you get away tubex and keep listening to songs and passed alone
588,"Where from # Over25 part as one of the candidates with great options to reach the galas ...

https://t.co/IUKuoWSlE8"
589,Because I'm so jinxed because
590,"@santicid Oh, thank you. The downside is that this is only for first trip. But many thanks also"
591,When you send your teacher you something to correct and forwards corrected and everything is wrong I only have to mourn
592,"ola wapa k tal stas ?? Spero k kmo not be a sorra the other xikas

- machirulo

What the hell JAJSAKJKJSADJJSJASJAJAJA"
593,here you are listening to the soundtrack of mamma mia with former dancing queen Mary
594,@crtkftauryn not serious
595,@miradadelaluna @FinisimaPersona I saw him before and thought it was brom if I were built in front of the Mexican Tejas or more. Greetings.
596,@KILLYTokio Artist! Thank you very much for helping me to leave the beautiful book
597,"My back is nice guys do not worry
P hope the trial will be slow and me from jail
https://t.co/TBkC1vIvOO"
598,@EyeOfDavid__ met you and now I have not seen me look super-sincere and loyal and I like talking to you
599,@ WINTERSCLIFF0RD not stand the heat you as my daughter Seville
600,I have this a little abandoned
601,"@TeAbroUnaNueva because you do not live in Madrid !! well I'm saving, I'm trying jo and if not then in the queue and we will stay apart .."
602,I just want someone who hates me A7x I
603,"@Zimlaar Are you only concerned about the number of followers? I imagined it ... haha ‚Äã‚ÄãüòÇ
They themselves ask me to meet"
604,@ Erchache2000 @Sharker is to talk about their corporate email on their PCs
605,"Fully @serbailop. Although the post-gathering has been very interesting, he is talking about all this, and evolution (and involutions) of film"
606,There is nothing nicer separated d q and q a person to tell the time t q t miss ... but I do not m going to happen
607,Good morning and #felizmartes. How many of you arrive at the end of your #vacaciones? And how many of you have just around the corner?
608,"@SnipShit_ I have a couple, but only R"
609,@vodafone_es has agreed to reimburse the maritime coverage which I did not notice at the time. I'm happy. It seems fair to me.
610,"@YooHooKane @Stellone_Cthun are a scoundrel, there ke sleep more, I dormio 6 hours (porke have no legion until today)"
611,@iChuso has already begun uncle
612,@Lugnica_'m connected and ready. When you want me you pass. I repeat my AC is 2294-6239-5875
613,@virsnroses when 20 are contacted and approved the list will be published on our website
614,I tried a new hair foam and yes that leaves curlier but remains as hair gel and I do not like effect.
615,"It's pretty pathetic, especially people who do not know me practically nothing"
616,@escapeofthecrow the rottweiler is beautiful but ... This zumbadisimo and attacks and I can not wait to achucharlo
617,San Sebastian Classic day to stay in casita with football Football #Donostia #
618,"@ladykumaria quiet, you still want the same"
619,@jm_allue @PuntoDeVictoria @xavigarriga @PirrakasIPL important thing is to know when! If you need to avoid foreign purchases
620,@Overgame_org good match all luck in the final of losers and see if we meet again in the final. I greet those Casters
621,Tomorrow is very probablee to drop a direct !! And you know what happens in the direct ...
622,Today I look very pretty
623,"I've ridden a lot because I could not find my friends at the bar, then I remembered that I have no friends and I have happy place"
624,@ Vegetta777 @WillyrexYT @bysTaXx such at the concert you what you spent great?
625,I just talked to dawn and I'm a little better
626,"@ Heikki_360 It

I've tried today and I feel very good ... I'll see your videos"
627,What I am poor I can not see the VMA
628,Not one of the two yaaa
629,"@ MiguelBarranco5 @llautet @BelenFGonzalez @ pastoreta1 @BetEmilio @txemadomi @Minadeideas hello miguel no, I'm now on it"
630,@JohanaGonzalezD and gulping my poor daughter is not fair
631,@josebrit'm still getting used to his new mouth / teeth
632,Thank you @cesartgil! Have a good evening #FelizLunes
633,@peroquedicesss actually all that is hypocritical as that of femimism shirt of the hym but I think something makes everyday life
634,bc funny in the movie Never turn off the light using black light and today I come home and have put one in the bathroom
635,"madrid people I fav here I speak, I want to meet new people"
636,@ Carlosmchef3 congratulations couple !!! Peazo grandfather will have your child will be full-fledged ....
637,@ Riley7097 In international age 19 in Korean age 20
638,@cafelluvia beautiful corner What excited to see the new website!
639,"@imanbl_ the only book that I've missed photo has been with Yo before you, but because the book is special !! LOL"
640,@vinagreando have to try and do some video step recipe guys @cocinadeenloqui
641,@flyfap was no stop but I've seen a roundabout mu bonica that read Nules
642,Hahaha @goetha but there have different tastes and tb can talk about everything #TonyYSorayaEnMalaga
643,"@ Fourty35



You malita follow if tomorrow I dedicate a song.

(My year"
644,A stage ends and begins a new adventure
645,I've had to put socks because I have always cold feet and makes me sad socks in summer
646,I would like to fix so many things but I can not fix any and it is very frustrating
647,"@PapelitoRojo @pedrojcases I did not like, just bite and if I have reached out and cuticles well, I do not, are now top"
648,To see yourself silly so I have only 2 days in Galicia.
649,I erase and redo
650,@ManuBarba The ugly is to the Reina Sofia and student discounts are for under 27
651,"@_betterton @juanrallo to commit terrorist attacks (2)
I do not think that then existed Burkini"
652,@ClaraNyanNyan and nice that you?
653,@RyFsw hahaha .... that's an indirect preparate #F that wants to reform the bathroom
654,#HappyJungkookDay # Íæπ Ïù¥ ÏÉùÏùº „Öä„Öã Cookie beautiful *. * Happy birthday to the best maknae of the world
655,preparing a country colacao forget that cod ...
656,@AlteaLaSueca in the debate I've been reading the blog of Silvio @citaconsilvio puts the great @feliuvicente quoting Che.
657,@AlvaroAuryn in noja you were great but you know what? See you in Madrid for #askalvarogango goodbye
658,"And every time I say I can not help thinking that if he had not ""lent"" 650 ‚Ç¨ to that, and would have a fucking whatever"
659,@ Johanna_196 Saturday laughter all together ... for another year!
660,@Caspitoo but that is not abstract
661,"@marcasgz thank goodness you did not say listen üòÇüòÇüòÇüòÇüòÇ
#enlacabezaNo #loSiento"
662,"@sandyxyxx is what Amazon has one I know will arrive on Monday, feel lucky"
663,"@kriisvlc @ informativost5 @telecincoes Noooo we are all in Lucena, q fear and can not be not quiet on the beach"
664,@Charmimedicen A silly people are getting used
665,"@davidmaeztu @ahurtadobueno @notarioalcala @josecarmelollb @LaCalledelAdios me as I sometimes ask ""the scanned signature on the doc"" ..."
666,"@paulakuyen üê•

-your hair
-you are one of my best friends
-you don't deserve to be bad for anyone
-party cake!"
667,@hyrulen @PartidoPACMA You have no family with orchard and dogs? They have them in great condition
668,"Am I the only one not watching the game? Although I would like, really"
669,"@ Aitor48 ban, no. You can make campaigns, education ... and not clap as they are doing a lot of pseudo-feminist @ladypalo"
670,@__mxty For when I write my good precious name
671,@ranlemontralara are all in this together
672,"Change: ""The best system ‚Ñ¢"" and medical education in Spain will be complicated, but with people like you have faith @dantachan @ariasemmap"
673,"@misscatingcat Well, at least you finished the night with a beautiful view Ami also like to see me at night ^^"
674,I have a magnet for ADC delayed
675,@Sr_Merlusa @Mariiiiaperez @abrilnapilotti as merlu note that does not get conmigoooooooo RT = oque board
676,I might now be in my house zgz watching the awards on TV so richly l have them recorded but not
677,@LahoraALT @asidesastre @molo_cebrian @CriadoEnterado I missed @ p8ladas and that I look forward to hearing your musical vignettes and knows
678,@ Passion4english Thanks for the good info I would know if they accept books in English.
679,How sad and all I
680,@edu_rnieves I recommend it seem monotonous but there are chapters that interest going back up
681,@toNi_end best serious issue that would stop that crap there as well and that evolve to
682,I want to give something special to David so that when you see SMILE but I can not think of anything
683,Hahahaha @ estherct209 yours and d much sure people !! But I can not without my hair I die
684,My corasonsito asks me screaming Clexa fanfics but pretty deep that leave you crying
685,"@LibrosdeMaria do not know if there were more people, but yesterday I tague√© I ayy, Hannibal is moooooola so much!"
686,"Fear of a Wise Man, the Millenium saga Song of Ice and Fire, and etc."
687,"So sad, sad both ...
For I also am very sad today"
688,@vacasueca also not seem bracelet reo were outstanding duties But what less than 7-10 days
689,"@jc_pblanco ya .. you will be going, but I just liked sorry, but .. BLME is well adapted or books Sparks"
690,"@jmiguel @carrero course, I wanted so clear, there cojonudos Chinese cables. Another thing is that you buy the cheapest"
691,"@hundredrooms @ohmyworld_es What chulada! Mola far post, girls!"
692,"And in my time high self / ego, I can assure you that my smile is contagious (in person, obviously)"
693,@lejosdelmarfilm @VeronikaMoral Veronika is a great actress and a wonderful person above !! Wanting to see her there !! Kisses!
694,"@LaPonyRosa nu, not everyone serves I tried it recently for a Korean app and kept me u ^ u so credit card"
695,@YEYIximmm a week ago that I know and hope the complete edition of the game
696,"Chicxs never too idealic√©is a person, then you give mg on facebook and break them a mirror of emotion"
697,"@intomyhoran almost everything has lard, jelly beans (sadly) are not the only"
698,"Hmm @FemiHard_ I not know what to say, while not leave the cage open nothing happens, but it is recommended that a short time to leave the day +"
699,"seriously, you have to verosla and"
700,@AGMelendez_ yes. But at least they could be actors made to the paripe. Who are professional
701,"Good Morning. Monday back to hard work, to heat, to the subway, the early mornings and routine
#Good morning"
702,@ Lenavg3 hahahaha yes yes. I will search Pinterest like this thanks üòò
703,we had found and was scared crossing a road and at the end we have had to go without him.
704,@ Mariio97 2 assists have failed me for the double triple
705,"He has given for my tweet from August 16 to bedtime buggers, I have to mute the phone"
706,@Boardgametotal abacuses if allowed. Especially because most do not know how to use it
707,"@ttlemans yeah, I guess you use the fridge and bird and when you get home after 10h kicking you fry one Cachopin and can not the McAuto"
708,Quiet Omar @Omr_dh I follow you now
709,@harleyftprego I wish I could go and hold to make you feel mejor‚ù§
710,"@lekilig was now ""eternal hatred"" I needed to share further channel recently that I feel nothing and I identified"
711,"@PGimenezFuentes @CiudadanosCs step, step of having to define what is or is not a ostia, that maybe you escaqueas"
712,"This is so surreal üòÇ Well, nothing, PewDiePie's twitter account to the bitch"
713,'No to sexist attacks during and after the holiday season !! # Sanguesa
714,Mogollon want to @ AlbaBenito99 but above all by how quickly answers the wasaps
715,"@LoretoBazo Stranger and Mr. Robot and have seen, but you're the second you recommend The get down, so I go for it, thanks!"
716,@ZoeStrange is that Nacho is making a funny chain
717,@VAMPYRES_movie @butfilmfestival one of our favorite festivals !! We've gone twice
718,"@HeCalledMeAC I know, despite knowing that it should not just fall in love with a pretty face like yours ... I'm very superficial"
719,Today I want to make another set of these tw but esque are all the same
720,"Yes, too overdose winks, cameos, tributes, repeated phrases and drawings of the original. But hey, it is accepted"
721,@Jonbarandica has been a great success the last night
722,"[INFO] IGOT7, no comprartido nothing about the ISAC because this is not permitted to issue, do the same until then"
723,"I am at your feet Mariano Rajoy Brey @ Mariano Rajoy, in France no other supporters I though I have my card PP Viva Espana!"
724,@iriswextallen as they will be seeing a different series that you and I hear that there is absolutely nothing between those two
725,@jorgegarzon_ an ideal route for families to enjoy the @VallesPasiegos
726,"@DavidArizaAbad good night, David a hug!"
727,Come on man I want jope tias intense things I do not do these questions
728,"@ikutram @tocamates @CarmenAgustin, insurance and others I forget, you also may be interested to your institute or faculty univ."
729,"@BroomKurosawa it rests uncle, if it gets serious thing you can not play in a long time"
730,"Is over # Rio2016 Unfortunately no lease profits to the Brazilian people for the hardship that awaits them
Luck and solidarity"
731,"@Gabi_Herranz @KNekro promotion is only for those who know how to manage a channel themselves to the end and Cape, the fast track"
732,my sister kylie Basque as miss
733,"@edortaramirez more a click, scroll and sometimes the user gets a bit hung up without knowing what to do"
734,"AY MI MADRE GRIEZMANN 88 in FIFA 17
Toca saving now for me with him"
735,"@bensonsenora The announcement is tatty, tatty.
Joseba who it is?"
736,"@KunMadera date for a few hours, it's too early"
737,@Luis_Callejo Hi Luis !! Will come to Barcelona to promote #TardeParaLaIra ?? Crack hug and happy day!
738,Bbs good days such bad
739,@Ainhoa_mallo good days and we can tell
740,"@fxnoname @BETWIN__ that is not nor should tell your enemy worse than cruel, no one is worse than the caramusgo of the torete"
741,@ericelhumano the butch lesbian and that does not look good indeed evil of the movies is because the characters often put ...
742,I am not able to sleep
743,@_aliciagonzg uf is that it is very emo
744,"-I like you very well
You've got to play more games at the lol with Russel and me
-Why so Otako, stop being Otako
-Having if I die"
745,But if you're my bare @Slammactivao
746,"@MrPlayforlive To be a filler has enough chicha ... XDD if very good Olympus enters the Duel, the 2 best filler"
747,He just does Rosendo in loose trousers is SICK !!!
748,#TrendingEstreno my favorite artist is @LEONBENAVENTETW to see in the @dcodefest @ Los40Trending
749,@ChanqueteFest porq if you can not go with them need to find other accommodation on my own. Could you please answer? thks
750,"I dye my hair, but also not, nor know what color, I just know I want to do something and it's very sad"
751,@LleonardPler Ya see! It is therefore essential
752,"@boteroBET @ naitah77 today had to go to that of the west, to change. Yes, change is better"
753,@lol_spain when are the next games? Where is the calendar? Thank you
754,Some good wench to tell me what time and what day Teen Wolf cast
755,"@_aitor the truth is that it looks good. I investigate, thanks"
756,it is best that they are ordinary conversations without any intention of flirting but simply because they do not bind
757,today I'm not angry
758,"@ Hayar_96 left my land and Spain arrived just yesterday, I'm sensitive, I hate you"
759,It makes me very nervous that people do not understand that sometimes can joke
760,My country @Tengo_Mas_Razon The first topic I heard from Nach
761,"I is molando quite the roll east of the knifing, besides the tricks with Ballistic not give me bad"
762,"@Mavi_Vieira perfect! Nothing better than to encourage reading. and you tell me that such is magical. These ""kids"" are not for children"
763,"The new leader Palmas modest 1st division starts with ""L"" as Leicester ... # ah√≠lodejo"
764,@anhela_ @Maxferibar @elprogramadear @PSOE so mate. A hug!
765,"@javier_depecos one for you Javier, has made me very excited reply. Thanks heart happy night."
766,@ ApoyoCR7 Very cool Paula And those glasses of yours innate talent is beautiful:
767,As approve (or if I fail but step) I'll throw a party and not stop drinking until my liver burst k
768,"@JVSantacreu Rosa Great expert in frying eggs, look like twins. (I do not go as equal)"
769,"Thank you for being my surprise and be so great, see you soon sure @AntonLofer"
770,@shielledfox Jope Hopefully someday to become pictures osea I'm not a photographer or anything but that
771,"Although thought I could not do it until October, next Monday will see my family # Mataro *. * #Felicidad"
772,@HormigaZYT Since I know you're a flipado and can not change these defib kills frames so you get the only award to teach @ edureus94
773,Ya know when you come to make a cry #FollowExpress @BlasAuryn
774,@LidiaWBlog which is a envidiosillo
775,"OMG this have not successful, award for Calvin that neither is February 1 hits #VMAs"
776,@sitgesfestival great !! @ RachelNichols1 come ?? Greetings and good day!
777,@iwanancho want a Linoone with Drum and Extreme speed but is one of those special past generations who no longer can
778,Q The ministries will have you kidding me maca had to @Rafa_Hernando q q t going to take a bath and wash l d t step mouth
779,"@ferdiazgil @FranDguez yes, I've read that great temple is that I have put in IG. It has lost its top and is inaccessible"
780,@AjaxAjaxcf'm not convinced. B.p. I would like to see Cerny and Nouri in the 1st team and less Gudelj and El Ghazi ... I give time. (2/2)
781,"Perdon, doubts through #askLFI Twitter helps #ayudasLFI is a call for aid, also very interesnate"
782,I have two sties embedded in the left eye and make me very asymmetrical face. I look weird
783,"@NeithanWolf @ Cinefila_91 @Cinedepatio @SensaCine ""Unsatisf Survive"" be crazy what works"
784,"@DiegoPajaron @miguel_prat they say pulling pa, San Mateo now jaaja"
785,I want you in my passport photo instead of a photograph of my face let me put a smiley face sad
786,@rabiekhd Jajajajajaja meo me that I have my boyfriend and he has his girlfriend and we are both happy
787,"@PanchoGustavo peguemos to Uncle Lau
Still you have my first grinder?"
788,"I @NovatilloTotal now write letters. Seprona not, luckily I have looked well Pepito"
789,This year the Madrid will treble and if it does I rapo to zero engrave the message jejej # ChiringuitoPiqu√©
790,@luciaanagil illo who have already sent me 5 different people snpachats with popcorn
791,"@JohanaGonzalezD is the best and the worst at once. I want her back, not me can thus take another fourth place in Rio"
792,@bryantorresFSH bryan @ uby77 course it is another matter of the subject ... If you open more days rent more expensive.
793,T√≠pic get up at night to go to the bathroom and run as fast you can so that the ghost will not reach
794,@levante_emv @valenciacf A cocoon less in Valencia. If not to 100% with Valencia it is best to sell it.
795,It's what I like how nice it is
796,@julwiki did not know that resembled the remastered first season of Falcon Crest
797,@manozom @carisimolider Not Just the thread started because I maintain that Mason is a lousy HH.
798,@ Jorge_Ruiz14 the truth is q'm on the couch watching them fall in love at first dates
799,@CrususMusus_ it pointed me in the list of possible things to do
800,"@ David_Goen00 jimbre comes, you have to do is make cadista"
801,"@SirDeschain @ChicaCascabel @reptarazul rather tas had appreciation for raistlin, I believe that the magician gave a little like everything"
802,Paraphrasing Salom√≥ is better to lose your child but divide it in half
803,@erlik impossible've only had a couple of free hours. It's been a fleeting visit!
804,"@AdriMarinaB what I like, everything in its CCAA. So we put the blame of our dear nation."
805,"I take an hour repeating ""I should not have drunk that last Monster"" having to get up early
My life."
806,@SergioSmiles Mirate D gray-man from scratch puta
807,"If you bought @hollagher card you do not have to do anything, if it is effective than any FNAC imagine it."
808,"@BlasAuryn si es que no puedo olvidar cuando te viii, imposible. Que resumiendo, no te puedo olvidar  y no lo har√© jam√°s chiqui ‚ù£Ô∏èüíû "
809,@Zexioning A backhand If I do things I stay to see the movie each ahem.
810,@NiievesGiil if I had a choice of '' kill '' sure it was the most voted
811,"@przuppo @ lolap245 stay with the first ""a thought in one click"""
812,"@Kosto_Trading @juanrallo What to prohibit the helmet and go masked is also arbitrary and sectarian, no?"
813,That if I am a very ironic person and I really like the mood very well
814,"evan peters üåº

-I'm almost always wrong and put evans peter
-let me
-it is very sdasldjalsk"
815,@rabiekhd @Omr_dh we have known a few years ago and emerged clear love
816,"@aaron_np @OjeraFarlopera_ @ livetodie77 @ Nerea_RMCF93 not have beer, we are poor and dirty. let us not get into the bar"
817,"@SlaveofJavier, expert in making memorable encounters since 1994"
818,@Crisnosesae @ l30n4_ @Beatrice_Val serious? It did not know that I've dropped your butt image
819,@ Paloma_cv12 the comedy club has been too big Jaja #monologuista
820,@GeorgeBleach I know it's ugly but
821,@o_clinico and according to your critical eye must open the entire city or port-only area anaga-plaza Spain?
822,"2h and 31m to finish your download
I shit in my fucking life."
823,@XimoVR @ gsus_77 @ mediavida5 good and evil eye. As we fixed that take away some.
824,I think someone has blocked me. It's a weird feeling because it was beginning to have him loving that person and do not understand. I feel bad
825,justin hopefully eating up a photo sofia mouth to ass you give up all
826,He niall up the photo makes me sad because I want to be in that picture liam plus it leaves precious
827,"@VioletaTrujillo I resign myself to some people, if they think this character is because they are not willing to listen"
828,"@LuciaDollface You see, seems a more mature comic but the drawing is betrayed only"
829,Rodrigo @Quesadacid thank you very much for sharing with us their way through the Book Fair of Benidorm. We hope you have happy
830,I take what color pens my new arrows ???
831,It is that it is open and I can not take class because I could not leave it in the seat falls all
832,@ GuzmanNavarro08 @ SaezManu10 better plan C cocoons
833,@Tabernita @ptraciogg serious question. when kedada / twittered you rods locals?
834,"@ Miguela38331844 Que bonito, and I have a surprise for you, that you liked so much!"
835,@Angela_M_A_ man tell me that I'm heard bad defender Amaiah to die JAJAJ
836,I love how they have decided that college will go without even consulting me
837,We recommend following lists because Spotify not take them public and collaborative us allows the same time
838,@ Marmana6 my previous tweet was only yourself you're the only one who has shown know me well
839,"@ElSpeaker is a little-known aspect of the Solar System, which probably still have things to discover out there"
840,I can not put urges that rare Histories some help?
841,@Monysito for few more nice things you see in life hears
842,"@alastrain The first tweet came to us, so we ask so much Have a nice day and good buy."
843,"@ElDesmarque_VCF've never seen Valencia last in the ranking. What about the Valencia, and did not win."
844,@cantabriamiguel @Fabiana_tfp @elmundoes @elpais_espana @larazon_es n escarmentams to see if they will be same eh encueshshtasshs @ierrejon
845,"@MonchoYT @ JonathanFaus2'm tired of going out and everybody for me to take pictures, this life is very hard"
846,today was seeing a dead dog in the izdo platform. motorway Huelva-Sevilla and may go in all the impotence of the world
847,@ EduGalan14 Jaja.Es well born to be grateful that would aquel.Tiene record points q meet the VCF.Creo what he had.
848,"What depressed me go, surely he earns people who only gave RT because, to try his luck and not real fans"
849,"@Gabi_Herranz @KNekro I told him 10 times already, but I still hate that little ... It is understandable, Caere always bad"
850,@mendescodes enserio @heroinseb when you said that Froot Loops are bad it hurt me ...
851,"Hahahaha @vanderhast as my infinite loop out of the house, I print maps and two premiere !!"
852,"@ Nenina74 @CrisLaLider I disagree, scars always remind pain suffered or caused"
853,The best photos are those that are not seen ‚ú®üåü
854,Oh @AlbGarD Are you calling me fat? Grazie JAJAJA ruli√±o The same can say
855,Lately I'm eating a lot of macaroni ... thank you Lord @marianorajoy without you this would not be possible
856,"@Mercadolibre Congratulations on the great economic record results last quarter, do a great job"
857,Today is a great day
858,@michellecrecida and cookies? Good morning Michelle
859,@ ZKnowcks7 the fault of people playing second you do not fool yourself
860,Really I do not understand why people believe that I actually Sweats
861,"@lmg thank you very much Luis You also are an example of perseverance and hard work, I hope you go all great!"
862,"That @Eleder_ absolute majority even now, eh?"
863,"I want to come back and get winter long pants and jackets and sweatshirts and coats, fucking summer."
864,@elPachinko welcome! I really liked this alternative walk on the other Ghent
865,@kurokatze_ if that but hey I that everyone has their tastes because xd amiks
866,"@pobrezacero @ruthtoledano @nuevatribuna @FelipeAlcarazM @carlosbardem @carnecrudaradio @agarzon @cayo_lara going wrong, no ... worse"
867,"@ViKo_LH looking son of a bitch I shit on your fucking JAJAJAJAJAJAJJAAJAJA and I can go in 2018, and ..."
868,@albueto @ ferderer2 @TipsterApuesta the Magi are more real than this
869,"@Sorayita_push Well well, if you are celebrating a birthday, if all born on the same day hahahahahahha at the least are two chapters"
870,Someday I will be happy to have you follow? @BlasAuryn
871,@tomasin_zgz Hey Thomas! Have you seen the new #dinos of #TierraMagna? It is normal queues before the show starts
872,I recomendais a good gaming chair Please
873,"Dizziness and El Molinon @turu_brujo remain in place, everything you think bad"
874,Bonito plan because I do not
875,life has me very confused
876,"@MaiteCerezo @RenRiesgo to you the spots you are divine and I would have potado a rainbow in the face with a lot of hate, it's not fair"
877,"@ Ciudadano014 doctors will always say horrible things, citizen!"
878,"@JeCaSWords @Humoryfotos The tweet is accompanied by a photo that means the opposite, if sarcasm"
879,@ Veronik87mlg some pa callaos reventaores we do not say jihad!
880,@KOPURISTA Something I'm doing wrong
881,"@ Jose97angel channel ""Global Talents"" is usually quick in coming up performances, ratings, previous, and results ..."
882,"@Maryansoy for the cold the solution is to do what it says this phrase ""I sabadete new shirt and Saturday ...."""
883,When I told the bun I'm brunette has laughed in my face
884,An AI The 100 would be best.
885,@pandeliria @eltuitdrink Well! I you do not have the world against the third generation My fav is the first but worth it.
886,@valabina @kuluska as we all know and love is not only blind but knows no musical criterion
887,"At the end of the video I upload it tomorrow, I just got home."
888,"@PanadesPb @DenebGabe @VeuCat @Rorschargos That @ TV3 is plural ?? Few hours, the other official language, issues ?, Not all cat?"
889,Fucking my boyfriend ignores me and let me know if there is a Chinese near the library
890,I think the first time k k k am looking forward to once again come September
891,"@tenistachanel here making ""conservative"" comes a @ 50 insurance. to see how we ride! Thanks for the ideas!"
892,Tomorrow back to work after 15 days of vacation. Where are the 3 summer months small? #QueDuroEsSerAdulto
893,@elapersw good afternoon! You can go?
894,"@VicentMoreraVCF @kennysamuerto @LoboVCF it, but I hope little and Rodrigo Nani is unknown whore like going to perform. Lack September 1"
895,@ULPGC hello Would I could go for a consultation by Direct Message? Thank you
896,"@ Skyruss96 are good friend, thank you for sharing your question in the Ask 2.0"
897,30 years living in #Algeciras and when I come to live #Sevilla is when the fun pass as a #terremoto things.
898,@doctorgaona is intriguing self-examination of the states of consciousness through a mirror hand as a pioneer Gaona
899,"@GarbiMuguruza
I though it may want to have the Omega Constellation ,, with Roman number."
900,"@lococamionero Another thing is that I had no social security, porqe was not mandatory in your situation. Lee, the books do not bite"
901,"@denisfmendez @anordestado @Cascarelo @GzWika Ponferrada, I'm not Galician"
902,@Monysito in life can V√©rseme a tit because when I take the picture was not naked
903,@EvaGelCot WHERE DO YOU SEE IT !!? It is my favorite program üò¢ and I only find it until season 5-6 and I have already seen those
904,"Rajoy Rivera and Nivea have not agreed to relaunch beach balls from a plane, like when I was little. See the 25D"
905,@HijodeBilharzio curious I am fortunate that in recent weeks can only see the stages of the weekend
906,"Madrid is full of food and crushes, I do not bear here"
907,"@ HuGo17__ @ BayonTHE1 We prefer to train with PAM vs DDH, you have very good lvl bro"
908,"Well @elespanolcom @ADios_hi often scare. A putting ""Tolerdo"" I thought he was referring to his parody @WillyTolerdoo"
909,@Yosmath @ Planeta87Radio Great #Incantus'm already connected
910,@perriestheory NOT PUT privacies nah is that really bothered me
911,"Anyone is kind enough to go buy me tomorrow?

I'm in a slump and cravings that ... https://t.co/Z5qC6TIOBC"
912,"@myendlesshazza a. that fucking bad writing

b. I'm surrando help

3. has rarely been the ""eat it"" there JAJAJAJA"
913,@ Clear Carter1628. I harness ideas for this last quarter of the year
914,@ElviraChas #WillyToledo face telling the truths of #HableConEllas. The first interviewee who dares to do it live
915,"Xenomorfos Primed and just six hours of ""Mankind Divided"". What a day!"
916,"This new #Directo night # Battlefield3 in the channel.
Podreis propose weapons to play for putearme https://t.co/tYEGhzkZy4"
917,I get very bad goodbyes
918,Good trip to all players that go tomorrow cod have fun and enjoy bcn I can not
919,Mg and put an adjective super-repellent your name
920,"I just keep a page to link by musical tastes.
I know I'm alone but"
921,"Just because a person who knows me say and opine about how I am, and convince another that did not mean it that way"
922,@beautyblog_es @isasaweis @_ANAMILAN_ ohhhhh that has to be a lot of fun I imagine men are banned right? üòÄüòÄüòÄ
923,"Ah okay, I loose the subnormal bitch, I'm calling.
I say that does not leave me and says ""ah, is that I have the wifi off"""
924,@ Nonnes78 Hello Gorgeous! We would love to talk to you .. dm can happen?
925,@tenistachanel @ 100 if Haase makes another set and Janowicz's over. I'll be remembering the Chinese fucking all night ......
926,@prxttytimebomb @ emimartinez_98 If I hate death to new Harley you want
927,@ Nerea_RMCF93 @OjeraFarlopera_ @aaron_np not that cool? Poor us mere mortals who know nothing of life
928,@ Nmlss777 wish I could have done black
929,"@relatosgregorio With data like these, today we have a better seismic catalog with historical data"
930,"@Antonioortzb @lavuelta @luisangelmate Oj√∫, meanest envy has given me !!. Enjoy. legs still hurt me 'that was good !!"
931,@Adriansoler hope and wish that the interior will cause the same
932,@mrswxllace three sad trokistas sting stone in a gulag
933,Then waiting for Mr. @ DarkFabio666 for hunting nocturnal pokemon me hallo
934,I @LeprosaNoMas And it is sad
935,The only bad thing is that Death Note is very short.
936,I knew how sad nobody listens to me
937,"I've added that before did not know it, but I read enough these days and found it perfect mode"
938,"@NereeSantome Nope, it's snub De chiquitin with that bullying was real. You're nice to you Nere ~"
939,11:11 I can not find bad
940,"@ C3466003565 crats Cristina everything you tell me is a blessing have to be patient and see how it comes the only miracle well, have faith"
941,Confirmao have broken foot bone've noticed as he moved fucking
942,@ Manue1112 have eight months and is still everything to do. We trust to carry out the project we have raised. Patience
943,FIFA today directillo gentlemen! Liverpool a little less left to finish
944,@RoyalDarjeeling Very bad !!! lol more Geralt of Rivia and less game of thrones
945,@adri_buzo @FulgenLison Nop. But now the issue Thank me is clearer!
946,I'm going through a thin string of emotional instability crawl
947,@ Springsteen_81 in Spain eat (swallow) and all tod here this political career seems normal. regards
948,"@ Tu_PS4 @ComunidadFF perfect Well, good beer always goes well"
949,"I am asking you please seriously, it is very important to me üôè
https://t.co/STUwLW8brK"
950,"@ IAzek4629 know but did not look at the ACC, only occasionally he looked combo and was excited and nervous and shit"
951,I installed the app @ Los40_Spain only to hear @ Los40Trending of @ajpaniagua #algoestacambiando
952,someone pointed at my window with a laser defines pesadito
953,"If it is clear, the fault is mine"
954,"@txispitabi I did not recognize in this profile The pleasure is mutual, beautiful!"
955,"@CarolinaFTAM jo, is that it is mortal"
956,But every time I have clearer
957,Tell those of spoti to put back acoustic version of Creep @radiohead
958,at the least ftwd it made me wait more pleasant twd in October
959,"@hyrulen @PartidoPACMA Sure, it is very common for people not to show floors, leading to the garden and have their own"
960,"Jo @FaranduleroYo not seem right because Yessica will go to the first, but hey at least he has reached the TOP8 not waiting here."
961,"@ MarioEM_95 still has a bit different, but of course. Although I have do list rivals"
962,@Laura_Jovi as Floki is as follows Thank you for helping me
963,"lucia hate the vd, my love for her is a great pa cover eating nutella at home"
964,"I @SrMussel the completed five tests, you tell me one day and if you want to see you in Murcia or in your town"
965,"@unculemadrid if he ended up talking for a while, it was very nice @jovigobi"
966,To cool the coke music this year is Meghan Trainor! I wish to be rich
967,"@ClaudiaPiqueras today I have seen (and you to me) and I have not greeted, bad people (do not say anything because going together)"
968,"@ManudeOrleans because I no way, and that I have distant memory stats and have an average of 69-70"
969,"Ni√±uca @Juliaa_Coutoo many thanks, you have a great sensitivity that I value your opinion. Good night"
970,"Molen you understand my tattoos, but do not the 'same' do"
971,"@KatyKlav feels, is already said"
972,"Three days ago it enters @HawklineClan and today I hit the second clip
1080 from the top of the wing of the fighter https://t.co/8x4DVAFGSp"
973,"@iruri thanks, were necessary after a hard year of work Have you already taken?"
974,You @Ana_d_Armas as beautiful and stylish as ever! You always deserve the best !! You're wonderful!! Kisses and happy day!
975,in realida √© something hard to assimilate or alcohol helps me
976,"@Currina_ well no, some Mondays are wonderful ... for example today! üòú Until tomorrow!"
977,Today we hear #MiguelRios with other great artists ... # Insurrection ...
978,@ AntonioPV98 @ CeliaOgalla28 my friends talking jodes K .... beautiful friendship
979,"@ RanLuna13 Ambiance also in Italy, is a comedy about a series of couples and wrongs, with honor, class and humor"
980,"@AmuntValencia_ Do not worry, but as there is so much bad baba on Twitter thought that was why"
981,clrealy it is not an indirect
982,@ratgull @Vespacityman @Kellydeharo @ELpuebloMALDITO the end succumbed to damn our heavy hand
983,Leila rts are the best
984,I think my platonic love tw is gay and I just put so sad
985,@hywzz the voice of Mary at the end JAJAJSJAJAJAJ kill me keel and that
986,At 17:30 catch the bus
987,... because I have exams in those 2 weeks margin. Now the big question is will you go all that you went to the MGW?
988,This afternoon I'm going to buy a game you've been waiting a long time ... possibly rise this evening Yoshi appears
989,"@GuilleBouzon @ConPdeJulandron think before insulting one face you should look into the mirror Guille. Oh, and who laughs last laughs best"
990,why I have such an ugly name
991,"@BigZetaYT @weastbrook as I remember Mourinho won a league, Barca two both a glass of the king and Barca took the Champions"
992,@CarlosSadness are missing when you are sad songs that make you laugh and mourn when you are joyful time
993,"@HawkersCo @Hawky_ #NecesitoElViajeAAndalucia good if such a prize to the Mongolian or something, but that was bad"
994,as he entered these long conversation all night talking with someone
995,"@yolanday_y @el_pais After 72,000 years of travel, settle for molecules there are good potassium and"
996,"Day 2 got exams, it sounds far but next week jajaxd"
997,"Kaori searching for Saturday MURCIA salon in November

I do not want to go alone Kousei pls RT https://t.co/hd3o4xOqGH"
998,Orishas heard again 5 years later and it's wonderful
999,They manipulable because they are so small? And because they do not see their father like his mother? Sad
1000,I have such a long dream that every time I walk up to me and hit me with the wall seriously feel super asshole
1001,@LuisFBonilla @ isabelsevilla9 @peichsantana @adirecto Ole almerienses good !!!! Kisses!!!!
1002,@kioskoAMM @ gloris72 @ olivares1965 @Tomasimedia @madeinLeon Thanks but important you are. Mediators. You are very good
1003,"Completito summer ... Fuengirola, Pe√±iscola, Jerte Valley, parties and soon --- Sepul parties Olmillo!"
1004,As people still boring send them fucking
1005,"@anayainfantil @ayuntamientoibi @BibliotecaIbi Yes, perfect, but my question is whether there are age limits to be submitted to the contest. Thank you"
1006,"@CharlieReckless take me to your home, and today again blastoise dragonite"
1007,@IgnacioJurado me at 8.15 to 7.15 are not too bad
